idb_path,fva,func_name,start_ea,end_ea,bb_num,bb_list,hashopcodes
IDBs/Dataset-Muaz/ssort_sum.i64,0x1180,__do_global_dtors_aux,0x1180,0x11b9,5,0x1180;0x118d;0x119b;0x11a7;0x11b8,7ba892443ac4fab9631507cc72221283b80b73025445fad80241c828e5d90a51
IDBs/Dataset-Muaz/ssort_sum.i64,0x11fa,selectionSort,0x11fa,0x1349,12,0x11fa;0x1217;0x1223;0x1234;0x1264;0x126a;0x126e;0x1276;0x12ad;0x12bc;0x12c1;0x1346,1ba8d45d00bfc572df9b4d53850f21867287412635c202165e499745e01ac354
IDBs/Dataset-Muaz/bub_sum.i64,0x1180,__do_global_dtors_aux,0x1180,0x11b9,5,0x1180;0x118d;0x119b;0x11a7;0x11b8,7ba892443ac4fab9631507cc72221283b80b73025445fad80241c828e5d90a51
IDBs/Dataset-Muaz/bub_sum.i64,0x11fa,bubbleSort,0x11fa,0x1349,12,0x11fa;0x1217;0x1223;0x122c;0x1260;0x1297;0x129b;0x12a9;0x12ad;0x12bc;0x12c1;0x1346,78320e1cfd99824098b47fab39ea3a12e840a533ddd292733b92d7b790cfd0a0
IDBs/Dataset-Muaz/matmul_og.i64,0x1180,__do_global_dtors_aux,0x1180,0x11b9,5,0x1180;0x118d;0x119b;0x11a7;0x11b8,7ba892443ac4fab9631507cc72221283b80b73025445fad80241c828e5d90a51
IDBs/Dataset-Muaz/matmul_og.i64,0x11f2,multiplyMatrices,0x11f2,0x1306,10,0x11f2;0x121d;0x1229;0x1235;0x12d6;0x12e2;0x12e6;0x12f2;0x12f6;0x1302,415089f93e265aa01ce640ab58e11586f4f99afe44c13f5d887072ad7c832362
IDBs/Dataset-Muaz/matmul_og.i64,0x1306,display,0x1306,0x13aa,9,0x1306;0x1334;0x133d;0x1384;0x138e;0x1392;0x139a;0x139e;0x13a6,f97d863ebebcefec0874e44b84566ccd06d50a410a0dc3e5aa0c01051512b044
IDBs/Dataset-Muaz/matmul_og.i64,0x13aa,main,0x13aa,0x1586,6,0x13aa;0x143f;0x14c0;0x14d4;0x157f;0x1584,28ebd9fd8a5c105a6b1480f0751d8b1273b39f3650b5e4d9adafbda9f7e861af
IDBs/Dataset-Muaz/matmul_sum.i64,0x11a0,__do_global_dtors_aux,0x11a0,0x11d9,5,0x11a0;0x11ad;0x11bb;0x11c7;0x11d8,7ba892443ac4fab9631507cc72221283b80b73025445fad80241c828e5d90a51
IDBs/Dataset-Muaz/matmul_sum.i64,0x11e9,getMatrixElements,0x11e9,0x12a3,7,0x11e9;0x1217;0x1220;0x1287;0x128f;0x1293;0x129f,edd5c940305dba4e826f2d12169466101c31fbce60d8f90cf181a0865a928111
IDBs/Dataset-Muaz/matmul_sum.i64,0x12a3,multiplyMatrices,0x12a3,0x144e,13,0x12a3;0x12d0;0x12dc;0x12e8;0x12f4;0x1395;0x13a1;0x13a5;0x13b1;0x13b5;0x13c1;0x13c6;0x144b,96ef5f7a2ae4cf13fa6f1cffe42d68925894c25f9c5a02fcfd8f7f68300fb411
IDBs/Dataset-Muaz/matmul_sum.i64,0x144e,display,0x144e,0x14f2,9,0x144e;0x147c;0x1485;0x14cc;0x14d6;0x14da;0x14e2;0x14e6;0x14ee,f97d863ebebcefec0874e44b84566ccd06d50a410a0dc3e5aa0c01051512b044
IDBs/Dataset-Muaz/matmul_sum.i64,0x14f2,main,0x14f2,0x16ce,6,0x14f2;0x1587;0x1608;0x161c;0x16c7;0x16cc,28ebd9fd8a5c105a6b1480f0751d8b1273b39f3650b5e4d9adafbda9f7e861af
IDBs/Dataset-Muaz/sum_og.i64,0x1120,__do_global_dtors_aux,0x1120,0x1159,5,0x1120;0x112d;0x113b;0x1147;0x1158,7ba892443ac4fab9631507cc72221283b80b73025445fad80241c828e5d90a51
IDBs/Dataset-Muaz/ssort_og.i64,0x1160,__do_global_dtors_aux,0x1160,0x1199,5,0x1160;0x116d;0x117b;0x1187;0x1198,7ba892443ac4fab9631507cc72221283b80b73025445fad80241c828e5d90a51
IDBs/Dataset-Muaz/ssort_og.i64,0x11da,selectionSort,0x11da,0x1296,9,0x11da;0x11f9;0x120a;0x123a;0x1240;0x1244;0x124c;0x1283;0x1292,120ee29e0aa85dcb1d21f44e86878d278a2f5684abccd8989c877da9c1e6a0c3
IDBs/Dataset-Muaz/bubsort_og.i64,0x1160,__do_global_dtors_aux,0x1160,0x1199,5,0x1160;0x116d;0x117b;0x1187;0x1198,7ba892443ac4fab9631507cc72221283b80b73025445fad80241c828e5d90a51
IDBs/Dataset-Muaz/bubsort_og.i64,0x11da,bubbleSort,0x11da,0x1296,9,0x11da;0x11f9;0x1202;0x1236;0x126d;0x1271;0x127f;0x1283;0x1292,ee58e509d405558c0594e5268578be3ac0f6277377ac743715ae601f784931a2
IDBs/Dataset-Muaz/ssort_sum.i64,0x1180,__do_global_dtors_aux,0x1180,0x11b9,5,0x1180;0x118d;0x119b;0x11a7;0x11b8,7ba892443ac4fab9631507cc72221283b80b73025445fad80241c828e5d90a51
IDBs/Dataset-Muaz/ssort_sum.i64,0x11fa,selectionSort,0x11fa,0x1349,12,0x11fa;0x1217;0x1223;0x1234;0x1264;0x126a;0x126e;0x1276;0x12ad;0x12bc;0x12c1;0x1346,1ba8d45d00bfc572df9b4d53850f21867287412635c202165e499745e01ac354
IDBs/Dataset-Muaz/bub_sum.i64,0x1180,__do_global_dtors_aux,0x1180,0x11b9,5,0x1180;0x118d;0x119b;0x11a7;0x11b8,7ba892443ac4fab9631507cc72221283b80b73025445fad80241c828e5d90a51
IDBs/Dataset-Muaz/bub_sum.i64,0x11fa,bubbleSort,0x11fa,0x1349,12,0x11fa;0x1217;0x1223;0x122c;0x1260;0x1297;0x129b;0x12a9;0x12ad;0x12bc;0x12c1;0x1346,78320e1cfd99824098b47fab39ea3a12e840a533ddd292733b92d7b790cfd0a0
IDBs/Dataset-Muaz/matmul_og.i64,0x1180,__do_global_dtors_aux,0x1180,0x11b9,5,0x1180;0x118d;0x119b;0x11a7;0x11b8,7ba892443ac4fab9631507cc72221283b80b73025445fad80241c828e5d90a51
IDBs/Dataset-Muaz/matmul_og.i64,0x11f2,multiplyMatrices,0x11f2,0x1306,10,0x11f2;0x121d;0x1229;0x1235;0x12d6;0x12e2;0x12e6;0x12f2;0x12f6;0x1302,415089f93e265aa01ce640ab58e11586f4f99afe44c13f5d887072ad7c832362
IDBs/Dataset-Muaz/matmul_og.i64,0x1306,display,0x1306,0x13aa,9,0x1306;0x1334;0x133d;0x1384;0x138e;0x1392;0x139a;0x139e;0x13a6,f97d863ebebcefec0874e44b84566ccd06d50a410a0dc3e5aa0c01051512b044
IDBs/Dataset-Muaz/matmul_og.i64,0x13aa,main,0x13aa,0x1586,6,0x13aa;0x143f;0x14c0;0x14d4;0x157f;0x1584,28ebd9fd8a5c105a6b1480f0751d8b1273b39f3650b5e4d9adafbda9f7e861af
IDBs/Dataset-Muaz/matmul_sum.i64,0x11a0,__do_global_dtors_aux,0x11a0,0x11d9,5,0x11a0;0x11ad;0x11bb;0x11c7;0x11d8,7ba892443ac4fab9631507cc72221283b80b73025445fad80241c828e5d90a51
IDBs/Dataset-Muaz/matmul_sum.i64,0x11e9,getMatrixElements,0x11e9,0x12a3,7,0x11e9;0x1217;0x1220;0x1287;0x128f;0x1293;0x129f,edd5c940305dba4e826f2d12169466101c31fbce60d8f90cf181a0865a928111
IDBs/Dataset-Muaz/matmul_sum.i64,0x12a3,multiplyMatrices,0x12a3,0x144e,13,0x12a3;0x12d0;0x12dc;0x12e8;0x12f4;0x1395;0x13a1;0x13a5;0x13b1;0x13b5;0x13c1;0x13c6;0x144b,96ef5f7a2ae4cf13fa6f1cffe42d68925894c25f9c5a02fcfd8f7f68300fb411
IDBs/Dataset-Muaz/matmul_sum.i64,0x144e,display,0x144e,0x14f2,9,0x144e;0x147c;0x1485;0x14cc;0x14d6;0x14da;0x14e2;0x14e6;0x14ee,f97d863ebebcefec0874e44b84566ccd06d50a410a0dc3e5aa0c01051512b044
IDBs/Dataset-Muaz/matmul_sum.i64,0x14f2,main,0x14f2,0x16ce,6,0x14f2;0x1587;0x1608;0x161c;0x16c7;0x16cc,28ebd9fd8a5c105a6b1480f0751d8b1273b39f3650b5e4d9adafbda9f7e861af
IDBs/Dataset-Muaz/sum_og.i64,0x1120,__do_global_dtors_aux,0x1120,0x1159,5,0x1120;0x112d;0x113b;0x1147;0x1158,7ba892443ac4fab9631507cc72221283b80b73025445fad80241c828e5d90a51
IDBs/Dataset-Muaz/ssort_og.i64,0x1160,__do_global_dtors_aux,0x1160,0x1199,5,0x1160;0x116d;0x117b;0x1187;0x1198,7ba892443ac4fab9631507cc72221283b80b73025445fad80241c828e5d90a51
IDBs/Dataset-Muaz/ssort_og.i64,0x11da,selectionSort,0x11da,0x1296,9,0x11da;0x11f9;0x120a;0x123a;0x1240;0x1244;0x124c;0x1283;0x1292,120ee29e0aa85dcb1d21f44e86878d278a2f5684abccd8989c877da9c1e6a0c3
IDBs/Dataset-Muaz/bubsort_og.i64,0x1160,__do_global_dtors_aux,0x1160,0x1199,5,0x1160;0x116d;0x117b;0x1187;0x1198,7ba892443ac4fab9631507cc72221283b80b73025445fad80241c828e5d90a51
IDBs/Dataset-Muaz/bubsort_og.i64,0x11da,bubbleSort,0x11da,0x1296,9,0x11da;0x11f9;0x1202;0x1236;0x126d;0x1271;0x127f;0x1283;0x1292,ee58e509d405558c0594e5268578be3ac0f6277377ac743715ae601f784931a2
IDBs/Dataset-Muaz/ssort_sum.i64,0x1180,__do_global_dtors_aux,0x1180,0x11b9,5,0x1180;0x118d;0x119b;0x11a7;0x11b8,7ba892443ac4fab9631507cc72221283b80b73025445fad80241c828e5d90a51
IDBs/Dataset-Muaz/ssort_sum.i64,0x11fa,selectionSort,0x11fa,0x1349,12,0x11fa;0x1217;0x1223;0x1234;0x1264;0x126a;0x126e;0x1276;0x12ad;0x12bc;0x12c1;0x1346,1ba8d45d00bfc572df9b4d53850f21867287412635c202165e499745e01ac354
IDBs/Dataset-Muaz/bub_sum.i64,0x1180,__do_global_dtors_aux,0x1180,0x11b9,5,0x1180;0x118d;0x119b;0x11a7;0x11b8,7ba892443ac4fab9631507cc72221283b80b73025445fad80241c828e5d90a51
IDBs/Dataset-Muaz/bub_sum.i64,0x11fa,bubbleSort,0x11fa,0x1349,12,0x11fa;0x1217;0x1223;0x122c;0x1260;0x1297;0x129b;0x12a9;0x12ad;0x12bc;0x12c1;0x1346,78320e1cfd99824098b47fab39ea3a12e840a533ddd292733b92d7b790cfd0a0
IDBs/Dataset-Muaz/matmul_og.i64,0x1180,__do_global_dtors_aux,0x1180,0x11b9,5,0x1180;0x118d;0x119b;0x11a7;0x11b8,7ba892443ac4fab9631507cc72221283b80b73025445fad80241c828e5d90a51
IDBs/Dataset-Muaz/matmul_og.i64,0x11f2,multiplyMatrices,0x11f2,0x1306,10,0x11f2;0x121d;0x1229;0x1235;0x12d6;0x12e2;0x12e6;0x12f2;0x12f6;0x1302,415089f93e265aa01ce640ab58e11586f4f99afe44c13f5d887072ad7c832362
IDBs/Dataset-Muaz/matmul_og.i64,0x1306,display,0x1306,0x13aa,9,0x1306;0x1334;0x133d;0x1384;0x138e;0x1392;0x139a;0x139e;0x13a6,f97d863ebebcefec0874e44b84566ccd06d50a410a0dc3e5aa0c01051512b044
IDBs/Dataset-Muaz/matmul_og.i64,0x13aa,main,0x13aa,0x1586,6,0x13aa;0x143f;0x14c0;0x14d4;0x157f;0x1584,28ebd9fd8a5c105a6b1480f0751d8b1273b39f3650b5e4d9adafbda9f7e861af
IDBs/Dataset-Muaz/matmul_sum.i64,0x11a0,__do_global_dtors_aux,0x11a0,0x11d9,5,0x11a0;0x11ad;0x11bb;0x11c7;0x11d8,7ba892443ac4fab9631507cc72221283b80b73025445fad80241c828e5d90a51
IDBs/Dataset-Muaz/matmul_sum.i64,0x11e9,getMatrixElements,0x11e9,0x12a3,7,0x11e9;0x1217;0x1220;0x1287;0x128f;0x1293;0x129f,edd5c940305dba4e826f2d12169466101c31fbce60d8f90cf181a0865a928111
IDBs/Dataset-Muaz/matmul_sum.i64,0x12a3,multiplyMatrices,0x12a3,0x144e,13,0x12a3;0x12d0;0x12dc;0x12e8;0x12f4;0x1395;0x13a1;0x13a5;0x13b1;0x13b5;0x13c1;0x13c6;0x144b,96ef5f7a2ae4cf13fa6f1cffe42d68925894c25f9c5a02fcfd8f7f68300fb411
IDBs/Dataset-Muaz/matmul_sum.i64,0x144e,display,0x144e,0x14f2,9,0x144e;0x147c;0x1485;0x14cc;0x14d6;0x14da;0x14e2;0x14e6;0x14ee,f97d863ebebcefec0874e44b84566ccd06d50a410a0dc3e5aa0c01051512b044
IDBs/Dataset-Muaz/matmul_sum.i64,0x14f2,main,0x14f2,0x16ce,6,0x14f2;0x1587;0x1608;0x161c;0x16c7;0x16cc,28ebd9fd8a5c105a6b1480f0751d8b1273b39f3650b5e4d9adafbda9f7e861af
IDBs/Dataset-Muaz/sum_og.i64,0x1120,__do_global_dtors_aux,0x1120,0x1159,5,0x1120;0x112d;0x113b;0x1147;0x1158,7ba892443ac4fab9631507cc72221283b80b73025445fad80241c828e5d90a51
IDBs/Dataset-Muaz/ssort_og.i64,0x1160,__do_global_dtors_aux,0x1160,0x1199,5,0x1160;0x116d;0x117b;0x1187;0x1198,7ba892443ac4fab9631507cc72221283b80b73025445fad80241c828e5d90a51
IDBs/Dataset-Muaz/ssort_og.i64,0x11da,selectionSort,0x11da,0x1296,9,0x11da;0x11f9;0x120a;0x123a;0x1240;0x1244;0x124c;0x1283;0x1292,120ee29e0aa85dcb1d21f44e86878d278a2f5684abccd8989c877da9c1e6a0c3
IDBs/Dataset-Muaz/bubsort_og.i64,0x1160,__do_global_dtors_aux,0x1160,0x1199,5,0x1160;0x116d;0x117b;0x1187;0x1198,7ba892443ac4fab9631507cc72221283b80b73025445fad80241c828e5d90a51
IDBs/Dataset-Muaz/bubsort_og.i64,0x11da,bubbleSort,0x11da,0x1296,9,0x11da;0x11f9;0x1202;0x1236;0x126d;0x1271;0x127f;0x1283;0x1292,ee58e509d405558c0594e5268578be3ac0f6277377ac743715ae601f784931a2
